id,category,question,answer,source,source_url,keywords,verified_on
1,College,What is the full name of VNRVJIET?,VNR Vignana Jyothi Institute of Engineering & Technology (VNRVJIET).,Official VNRVJIET website,https://www.vnrvjiet.ac.in/,"full, is, name, of, the, vnrvjiet, what",2026-08-28
2,College,When was VNRVJIET established?,VNRVJIET was established in 1995.,Official VNRVJIET website,https://www.vnrvjiet.ac.in/,"established, vnrvjiet, was, when",2026-08-28
3,College,Is VNRVJIET autonomous?,"Yes. VNRVJIET is an autonomous institution affiliated to JNTUH, Hyderabad.",Official VNRVJIET website,https://www.vnrvjiet.ac.in/,"autonomous, is, vnrvjiet",2026-08-28
4,College,Which university is VNRVJIET affiliated to?,"VNRVJIET is affiliated to JNTUH, Hyderabad.",Official VNRVJIET website,https://www.vnrvjiet.ac.in/,"affiliated, is, to, university, vnrvjiet, which",2026-08-28
5,College,What is the campus address?,"Vignana Jyothi Nagar, Bachupally, Hyderabad – 500 118, Telangana, India.",Official Contact page,https://www.vnrvjiet.ac.in/contact,"address, campus, is, the, what",2026-08-28
6,College,What are the general working hours?,"9:00 AM to 5:00 PM, Monday to Saturday.",Official Contact page,https://www.vnrvjiet.ac.in/contact,"are, general, hours, the, what, working",2026-08-28
7,College,What is the general helpline number?,+91-040-23042758 / 59 / 60.,Official Contact page,https://www.vnrvjiet.ac.in/contact,"general, helpline, is, number, the, what",2026-08-28
8,College,What is the general email?,postbox@vnrvjiet.ac.in,Official Contact page,https://www.vnrvjiet.ac.in/contact,"email, general, is, the, what",2026-08-28
9,College,What is the fax number?,+91-040-23042761.,Official Contact page,https://www.vnrvjiet.ac.in/contact,"fax, is, number, the, what",2026-08-28
10,College,What accreditation is shown on the current Academics page?,The current Academics page shows NAAC A++.,Official Academics page,https://www.vnrvjiet.ac.in/academics,"academics, accreditation, current, is, on, page, shown, the, what",2026-08-28
11,College,How many faculty members are shown on the current Academics page?,The current Academics page shows 534 faculty members.,Official Academics page,https://www.vnrvjiet.ac.in/academics,"academics, are, current, faculty, how, many, members, on, page, shown, the",2026-08-28
12,B.Tech Programs,Does VNRVJIET offer Artificial Intelligence and Data Science?,"Yes. The official programme-wise page lists Artificial Intelligence and Data Science as a B.Tech programme, commenced in 2021, with sanctioned intake 60.",Official Programme-wise Details,https://www.vnrvjiet.ac.in/academics/programmes/details,Artificial Intelligence and Data Science,2026-08-28
13,B.Tech Programs,Does VNRVJIET offer Artificial Intelligence and Machine Learning?,"Yes. The official programme-wise page lists Artificial Intelligence and Machine Learning as a B.Tech programme, commenced in 2021, with sanctioned intake 120.",Official Programme-wise Details,https://www.vnrvjiet.ac.in/academics/programmes/details,Artificial Intelligence and Machine Learning,2026-08-28
14,B.Tech Programs,Does VNRVJIET offer Automobile Engineering?,"Yes. The official programme-wise page lists Automobile Engineering as a B.Tech programme, commenced in 1995, with sanctioned intake 60.",Official Programme-wise Details,https://www.vnrvjiet.ac.in/academics/programmes/details,Automobile Engineering,2026-08-28
15,B.Tech Programs,Does VNRVJIET offer Civil Engineering?,"Yes. The official programme-wise page lists Civil Engineering as a B.Tech programme, commenced in 1995, with sanctioned intake 120.",Official Programme-wise Details,https://www.vnrvjiet.ac.in/academics/programmes/details,Civil Engineering,2026-08-28
16,B.Tech Programs,Does VNRVJIET offer Computer Science and Business Systems?,"Yes. The official programme-wise page lists Computer Science and Business Systems as a B.Tech programme, commenced in 2021, with sanctioned intake 60.",Official Programme-wise Details,https://www.vnrvjiet.ac.in/academics/programmes/details,Computer Science and Business Systems,2026-08-28
17,B.Tech Programs,Does VNRVJIET offer Computer Science and Engineering?,"Yes. The official programme-wise page lists Computer Science and Engineering as a B.Tech programme, commenced in 1995, with sanctioned intake 240.",Official Programme-wise Details,https://www.vnrvjiet.ac.in/academics/programmes/details,Computer Science and Engineering,2026-08-28
18,B.Tech Programs,Does VNRVJIET offer Computer Science and Engineering (AI & ML)?,"Yes. The official programme-wise page lists Computer Science and Engineering (AI & ML) as a B.Tech programme, commenced in 2021, with sanctioned intake 180.",Official Programme-wise Details,https://www.vnrvjiet.ac.in/academics/programmes/details,Computer Science and Engineering (AI & ML),2026-08-28
19,B.Tech Programs,Does VNRVJIET offer Computer Science and Engineering (Cyber Security)?,"Yes. The official programme-wise page lists Computer Science and Engineering (Cyber Security) as a B.Tech programme, commenced in 2021, with sanctioned intake 60.",Official Programme-wise Details,https://www.vnrvjiet.ac.in/academics/programmes/details,Computer Science and Engineering (Cyber Security),2026-08-28
20,B.Tech Programs,Does VNRVJIET offer Computer Science and Engineering (Data Science)?,"Yes. The official programme-wise page lists Computer Science and Engineering (Data Science) as a B.Tech programme, commenced in 2021, with sanctioned intake 240.",Official Programme-wise Details,https://www.vnrvjiet.ac.in/academics/programmes/details,Computer Science and Engineering (Data Science),2026-08-28
21,B.Tech Programs,Does VNRVJIET offer Computer Science and Engineering (Internet of Things)?,"Yes. The official programme-wise page lists Computer Science and Engineering (Internet of Things) as a B.Tech programme, commenced in 2021, with sanctioned intake 60.",Official Programme-wise Details,https://www.vnrvjiet.ac.in/academics/programmes/details,Computer Science and Engineering (Internet of Things),2026-08-28
22,B.Tech Programs,Does VNRVJIET offer Electrical and Electronics Engineering?,"Yes. The official programme-wise page lists Electrical and Electronics Engineering as a B.Tech programme, commenced in 1995, with sanctioned intake 120.",Official Programme-wise Details,https://www.vnrvjiet.ac.in/academics/programmes/details,Electrical and Electronics Engineering,2026-08-28
23,B.Tech Programs,Does VNRVJIET offer Electronics and Communication Engineering?,"Yes. The official programme-wise page lists Electronics and Communication Engineering as a B.Tech programme, commenced in 1995, with sanctioned intake 180.",Official Programme-wise Details,https://www.vnrvjiet.ac.in/academics/programmes/details,Electronics and Communication Engineering,2026-08-28
24,B.Tech Programs,Does VNRVJIET offer Electronics and Instrumentation Engineering?,"Yes. The official programme-wise page lists Electronics and Instrumentation Engineering as a B.Tech programme, commenced in 1999, with sanctioned intake 120.",Official Programme-wise Details,https://www.vnrvjiet.ac.in/academics/programmes/details,Electronics and Instrumentation Engineering,2026-08-28
25,B.Tech Programs,Does VNRVJIET offer Electronics Engineering (VLSI Design and Technology)?,"Yes. The official programme-wise page lists Electronics Engineering (VLSI Design and Technology) as a B.Tech programme, commenced in 2025, with sanctioned intake 60.",Official Programme-wise Details,https://www.vnrvjiet.ac.in/academics/programmes/details,Electronics Engineering (VLSI Design and Technology),2026-08-28
26,B.Tech Programs,Does VNRVJIET offer Information Technology?,"Yes. The official programme-wise page lists Information Technology as a B.Tech programme, commenced in 1997, with sanctioned intake 180.",Official Programme-wise Details,https://www.vnrvjiet.ac.in/academics/programmes/details,Information Technology,2026-08-28
27,B.Tech Programs,Does VNRVJIET offer Mechanical Engineering?,"Yes. The official programme-wise page lists Mechanical Engineering as a B.Tech programme, commenced in 1995, with sanctioned intake 120.",Official Programme-wise Details,https://www.vnrvjiet.ac.in/academics/programmes/details,Mechanical Engineering,2026-08-28
28,B.Tech Programs,Does VNRVJIET offer Robotics and Artificial Intelligence?,"Yes. The official programme-wise page lists Robotics and Artificial Intelligence as a B.Tech programme, commenced in 2025, with sanctioned intake 60.",Official Programme-wise Details,https://www.vnrvjiet.ac.in/academics/programmes/details,Robotics and Artificial Intelligence,2026-08-28
29,B.Tech Programs,How many B.Tech programmes are currently listed?,The current Academics page lists 17 B.Tech programmes.,Official Academics page,https://www.vnrvjiet.ac.in/academics,"are, b.tech, currently, how, listed, many, programmes",2026-08-28
30,B.Tech Programs,What is the total sanctioned B.Tech intake?,The official programme-wise page lists a total sanctioned B.Tech intake of 2160.,Official Programme-wise Details,https://www.vnrvjiet.ac.in/academics/programmes/details,"b.tech, intake, is, sanctioned, the, total, what",2026-08-28
31,PG Programs,Does VNRVJIET offer Master of Computer Applications at postgraduate level?,"Yes. The official programme-wise page lists Master of Computer Applications, commenced in 2025, with sanctioned intake 60.",Official Programme-wise Details,https://www.vnrvjiet.ac.in/academics/programmes/details,Master of Computer Applications,2026-08-28
32,PG Programs,Does VNRVJIET offer Artificial Intelligence at postgraduate level?,"Yes. The official programme-wise page lists Artificial Intelligence, commenced in 2026, with sanctioned intake 18*.",Official Programme-wise Details,https://www.vnrvjiet.ac.in/academics/programmes/details,Artificial Intelligence,2026-08-28
33,PG Programs,Does VNRVJIET offer Artificial Intelligence and Data Science at postgraduate level?,"Yes. The official programme-wise page lists Artificial Intelligence and Data Science, commenced in 2025, with sanctioned intake 18.",Official Programme-wise Details,https://www.vnrvjiet.ac.in/academics/programmes/details,Artificial Intelligence and Data Science,2026-08-28
34,PG Programs,Does VNRVJIET offer Advanced Manufacturing Systems at postgraduate level?,"Yes. The official programme-wise page lists Advanced Manufacturing Systems, commenced in 2003, with sanctioned intake 6.",Official Programme-wise Details,https://www.vnrvjiet.ac.in/academics/programmes/details,Advanced Manufacturing Systems,2026-08-28
35,PG Programs,Does VNRVJIET offer CAD/CAM at postgraduate level?,"Yes. The official programme-wise page lists CAD/CAM, commenced in 2013, with sanctioned intake 6.",Official Programme-wise Details,https://www.vnrvjiet.ac.in/academics/programmes/details,CAD/CAM,2026-08-28
36,PG Programs,Does VNRVJIET offer Computer Networks and Information Security at postgraduate level?,"Yes. The official programme-wise page lists Computer Networks and Information Security, commenced in 2013, with sanctioned intake 12.",Official Programme-wise Details,https://www.vnrvjiet.ac.in/academics/programmes/details,Computer Networks and Information Security,2026-08-28
37,PG Programs,Does VNRVJIET offer Computer Science and Engineering at postgraduate level?,"Yes. The official programme-wise page lists Computer Science and Engineering, commenced in 2014, with sanctioned intake 18.",Official Programme-wise Details,https://www.vnrvjiet.ac.in/academics/programmes/details,Computer Science and Engineering,2026-08-28
38,PG Programs,Does VNRVJIET offer Data Sciences at postgraduate level?,"Yes. The official programme-wise page lists Data Sciences, commenced in 2025, with sanctioned intake 18.",Official Programme-wise Details,https://www.vnrvjiet.ac.in/academics/programmes/details,Data Sciences,2026-08-28
39,PG Programs,Does VNRVJIET offer Electronics and Instrumentation Engineering at postgraduate level?,"Yes. The official programme-wise page lists Electronics and Instrumentation Engineering, commenced in 2010, with sanctioned intake 6.",Official Programme-wise Details,https://www.vnrvjiet.ac.in/academics/programmes/details,Electronics and Instrumentation Engineering,2026-08-28
40,PG Programs,Does VNRVJIET offer Embedded Systems at postgraduate level?,"Yes. The official programme-wise page lists Embedded Systems, commenced in 2006, with sanctioned intake 12.",Official Programme-wise Details,https://www.vnrvjiet.ac.in/academics/programmes/details,Embedded Systems,2026-08-28
41,PG Programs,Does VNRVJIET offer Electric Vehicle Technology at postgraduate level?,"Yes. The official programme-wise page lists Electric Vehicle Technology, commenced in 2026, with sanctioned intake 12*.",Official Programme-wise Details,https://www.vnrvjiet.ac.in/academics/programmes/details,Electric Vehicle Technology,2026-08-28
42,PG Programs,Does VNRVJIET offer Geotechnical Engineering at postgraduate level?,"Yes. The official programme-wise page lists Geotechnical Engineering, commenced in 2012, with sanctioned intake 12.",Official Programme-wise Details,https://www.vnrvjiet.ac.in/academics/programmes/details,Geotechnical Engineering,2026-08-28
43,PG Programs,Does VNRVJIET offer Highway Engineering at postgraduate level?,"Yes. The official programme-wise page lists Highway Engineering, commenced in 2012, with sanctioned intake 12.",Official Programme-wise Details,https://www.vnrvjiet.ac.in/academics/programmes/details,Highway Engineering,2026-08-28
44,PG Programs,Does VNRVJIET offer Power Electronics at postgraduate level?,"Yes. The official programme-wise page lists Power Electronics, commenced in 2003, with sanctioned intake 12.",Official Programme-wise Details,https://www.vnrvjiet.ac.in/academics/programmes/details,Power Electronics,2026-08-28
45,PG Programs,Does VNRVJIET offer Power Systems at postgraduate level?,"Yes. The official programme-wise page lists Power Systems, commenced in 2014, with sanctioned intake 6.",Official Programme-wise Details,https://www.vnrvjiet.ac.in/academics/programmes/details,Power Systems,2026-08-28
46,PG Programs,Does VNRVJIET offer Structural Engineering at postgraduate level?,"Yes. The official programme-wise page lists Structural Engineering, commenced in 2010, with sanctioned intake 18.",Official Programme-wise Details,https://www.vnrvjiet.ac.in/academics/programmes/details,Structural Engineering,2026-08-28
47,PG Programs,Does VNRVJIET offer VLSI System Design at postgraduate level?,"Yes. The official programme-wise page lists VLSI System Design, commenced in 2009, with sanctioned intake 12.",Official Programme-wise Details,https://www.vnrvjiet.ac.in/academics/programmes/details,VLSI System Design,2026-08-28
48,PG Programs,Does VNRVJIET offer Software Engineering at postgraduate level?,"Yes. The official programme-wise page lists Software Engineering, commenced in 2005, with sanctioned intake 18.",Official Programme-wise Details,https://www.vnrvjiet.ac.in/academics/programmes/details,Software Engineering,2026-08-28
49,PG Programs,How many postgraduate programme entries are listed?,The official programme-wise page lists 18 M.Tech/MCA programme entries.,Official Programme-wise Details,https://www.vnrvjiet.ac.in/academics/programmes/details,"are, entries, how, listed, many, postgraduate, programme",2026-08-28
50,Academics,Which regulation applies to B.Tech students admitted from 2025-26 onwards?,R25 applies to B.Tech students admitted from academic year 2025-26 onwards.,Official Academics page,https://www.vnrvjiet.ac.in/academics,"2025-26, admitted, applies, b.tech, from, onwards, regulation, students, to, which",2026-08-28
51,Academics,"Which regulation applies to current II, III and IV-year B.Tech students?","R22 remains in force for current II, III and IV-year B.Tech students.",Official Academics page,https://www.vnrvjiet.ac.in/academics,"and, applies, b.tech, current, ii,, iii, iv-year, regulation, students, to, which",2026-08-28
52,Academics,Which regulation is listed for current M.Tech students?,R25 is listed for current M.Tech students.,Official Academics page,https://www.vnrvjiet.ac.in/academics,"current, for, is, listed, m.tech, regulation, students, which",2026-08-28
53,Academics,Which regulation is listed for current MCA students?,R25 is listed for current MCA students.,Official Academics page,https://www.vnrvjiet.ac.in/academics,"current, for, is, listed, mca, regulation, students, which",2026-08-28
54,Academics,How can I contact the Academics section?,"Academics: 23042758/59, extensions 6060 and 6061; email academics@vnrvjiet.in.",Official Academics page,https://www.vnrvjiet.ac.in/academics,"academics, can, contact, how, i, section, the",2026-08-28
55,Academics,Who is the Dean of Academics?,"The current Academics page lists Dr. Y. Shivraj Narayan as Dean, Academics.",Official Academics page,https://www.vnrvjiet.ac.in/academics,"academics, dean, is, of, the, who",2026-08-28
56,Academics,Does the website provide curriculum and syllabus information?,Yes. Curriculum and syllabus information is available through the Academics section.,Official Academics page,https://www.vnrvjiet.ac.in/academics,"and, curriculum, does, information, provide, syllabus, the, website",2026-08-28
57,Academics,Does the website publish academic regulations?,Yes. Academic regulations are available through the Academics section.,Official Academics page,https://www.vnrvjiet.ac.in/academics,"academic, does, publish, regulations, the, website",2026-08-28
58,Academics,Does the website publish academic calendars?,Yes. Academic calendars are available through the Academics section.,Official Academics page,https://www.vnrvjiet.ac.in/academics,"academic, calendars, does, publish, the, website",2026-08-28
59,Academics,Does VNRVJIET publish academic announcements and notices?,"Yes. The Academics page publishes announcements and notices, including admissions and academic updates.",Official Academics page,https://www.vnrvjiet.ac.in/academics,"academic, and, announcements, does, notices, publish, vnrvjiet",2026-08-28
60,Library,What are the Central Library timings on working days?,8:00 AM to 8:00 PM on all working days.,Official Central Library page,https://www.vnrvjiet.ac.in/campus-life/library,"are, central, days, library, on, the, timings, what, working",2026-08-28
61,Library,What are the library timings during semester-end examinations?,9:00 AM to 4:00 PM during semester-end examinations.,Official Central Library page,https://www.vnrvjiet.ac.in/campus-life/library,"are, during, examinations, library, semester-end, the, timings, what",2026-08-28
62,Library,When was the Central Library established?,The Central Library was established in 1995 along with the institution.,Official Central Library page,https://www.vnrvjiet.ac.in/campus-life/library,"central, established, library, the, was, when",2026-08-28
63,Library,How many volumes does the Central Library have?,"The current library page lists 86,175 volumes.",Official Central Library page,https://www.vnrvjiet.ac.in/campus-life/library,"central, does, have, how, library, many, the, volumes",2026-08-28
64,Library,How many titles does the Central Library have?,"The current library page lists 18,214 titles.",Official Central Library page,https://www.vnrvjiet.ac.in/campus-life/library,"central, does, have, how, library, many, the, titles",2026-08-28
65,Library,How many reference books are listed?,"The library lists 15,188 reference books, encyclopedias, handbooks and directories.",Official Central Library page,https://www.vnrvjiet.ac.in/campus-life/library,"are, books, how, listed, many, reference",2026-08-28
66,Library,How many online e-journals are available?,"The current library page lists 1,496 online e-journals.",Official Central Library page,https://www.vnrvjiet.ac.in/campus-life/library,"are, available, e-journals, how, many, online",2026-08-28
67,Library,How many print journals are available?,The current library page lists 322 print journals.,Official Central Library page,https://www.vnrvjiet.ac.in/campus-life/library,"are, available, how, journals, many, print",2026-08-28
68,Library,Does the library provide digital resources?,Yes. The library provides digital resources and online learning resources.,Official Central Library page,https://www.vnrvjiet.ac.in/campus-life/library,"digital, does, library, provide, resources, the",2026-08-28
69,Library,Does the library use Koha?,Yes. The library is automated with Koha software.,Official Central Library page,https://www.vnrvjiet.ac.in/campus-life/library,"does, koha, library, the, use",2026-08-28
70,Library,Does the library use RFID?,Yes. RFID technology is used in library automation.,Official Central Library page,https://www.vnrvjiet.ac.in/campus-life/library,"does, library, rfid, the, use",2026-08-28
71,Library,What is OPAC?,OPAC provides online access to library collection details.,Official Central Library page,https://www.vnrvjiet.ac.in/campus-life/library,"is, opac, what",2026-08-28
72,Library,How many computers are listed for the digital library?,The digital library lists 20 computers with internet access.,Official Central Library page,https://www.vnrvjiet.ac.in/campus-life/library,"are, computers, digital, for, how, library, listed, many, the",2026-08-28
73,Library,Is Turnitin available?,"Yes. Turnitin is available for plagiarism checking for staff and student publications, theses and projects.",Official Central Library page,https://www.vnrvjiet.ac.in/campus-life/library,"available, is, turnitin",2026-08-28
74,Library,Are Grammarly and QuillBot available?,Yes. Grammarly and QuillBot are listed as available through the digital library.,Official Central Library page,https://www.vnrvjiet.ac.in/campus-life/library,"and, are, available, grammarly, quillbot",2026-08-28
75,Library,Is there an SC/ST book bank?,Yes. The library lists an SC/ST book bank.,Official Central Library page,https://www.vnrvjiet.ac.in/campus-life/library,"an, bank, book, is, sc/st, there",2026-08-28
76,Library,Is there an EPS book bank?,Yes. The library lists an EPS book bank for eligible students.,Official Central Library page,https://www.vnrvjiet.ac.in/campus-life/library,"an, bank, book, eps, is, there",2026-08-28
77,Library,Does the library use Dewey Decimal Classification?,Yes. The library uses the Dewey Decimal Classification scheme.,Official Central Library page,https://www.vnrvjiet.ac.in/campus-life/library,"classification, decimal, dewey, does, library, the, use",2026-08-28
78,Library,Does the library have open access?,Yes. The library page states that books are organized with an open access system.,Official Central Library page,https://www.vnrvjiet.ac.in/campus-life/library,"access, does, have, library, open, the",2026-08-28
79,Library,Is the library a member of DELNET?,Yes. DELNET is listed among the library memberships.,Official Central Library page,https://www.vnrvjiet.ac.in/campus-life/library,"a, delnet, is, library, member, of, the",2026-08-28
80,Library,Is the library a member of N-LIST?,Yes. N-LIST is listed among the library memberships.,Official Central Library page,https://www.vnrvjiet.ac.in/campus-life/library,"a, is, library, member, n-list, of, the",2026-08-28
81,Library,Is the library a member of NDL?,Yes. NDL is listed among the library memberships.,Official Central Library page,https://www.vnrvjiet.ac.in/campus-life/library,"a, is, library, member, ndl, of, the",2026-08-28
82,Placements,Does VNRVJIET have a Training and Placement Cell?,Yes. VNRVJIET has a Training & Placements Cell.,Official Placements page,https://www.vnrvjiet.ac.in/placements,"a, and, cell, does, have, placement, training, vnrvjiet",2026-08-28
83,Placements,How can I contact the Training and Placement Cell?,Training & Placements Cell: +91 99495 71339 / +91 94403 30219; email placements@vnrvjiet.in.,Official Placements page,https://www.vnrvjiet.ac.in/placements,"and, can, cell, contact, how, i, placement, the, training",2026-08-28
84,Placements,What is the highest package shown for the 2026 batch?,The current placement page shows ₹65 LPA as the highest package for the 2026 batch.,Official Placements page,https://www.vnrvjiet.ac.in/placements,"2026, batch, for, highest, is, package, shown, the, what",2026-08-28
85,Placements,What is the institute average CTC shown for the 2026 batch?,The current placement page shows ₹7.21 LPA as the institute average CTC for the 2026 batch.,Official Placements page,https://www.vnrvjiet.ac.in/placements,"2026, average, batch, ctc, for, institute, is, shown, the, what",2026-08-28
86,Placements,What is the CSE and Allied average CTC shown for the 2026 batch?,The current placement page shows ₹8.37 LPA as the CSE & Allied average CTC for the 2026 batch.,Official Placements page,https://www.vnrvjiet.ac.in/placements,"2026, allied, and, average, batch, cse, ctc, for, is, shown, the, what",2026-08-28
87,Placements,How many total offers are shown in the 2026 batch overview?,"The current 2026 batch overview shows 2,112 total offers.",Official Placements page,https://www.vnrvjiet.ac.in/placements,"2026, are, batch, how, in, many, offers, overview, shown, the, total",2026-08-28
88,Placements,How many companies are shown as engaged for the 2026 batch?,The current 2026 batch overview shows 159 companies engaged.,Official Placements page,https://www.vnrvjiet.ac.in/placements,"2026, are, as, batch, companies, engaged, for, how, many, shown, the",2026-08-28
89,Placements,How many offers are at least ₹10 LPA?,The current 2026 batch overview shows 291 offers at or above ₹10 LPA.,Official Placements page,https://www.vnrvjiet.ac.in/placements,"are, at, how, least, lpa, many, offers, ₹10",2026-08-28
90,Placements,How many offers are at least ₹6 LPA?,The current 2026 batch overview shows 905 offers at or above ₹6 LPA.,Official Placements page,https://www.vnrvjiet.ac.in/placements,"are, at, how, least, lpa, many, offers, ₹6",2026-08-28
91,Placements,How many CSE offers are shown for the 2026 batch?,The current branch-wise table shows 380 CSE offers.,Official Placements page,https://www.vnrvjiet.ac.in/placements,"2026, are, batch, cse, for, how, many, offers, shown, the",2026-08-28
92,Placements,How many CSE Data Science offers are shown for the 2026 batch?,The current branch-wise table shows 203 CSE – Data Science offers.,Official Placements page,https://www.vnrvjiet.ac.in/placements,"2026, are, batch, cse, data, for, how, many, offers, science, shown, the",2026-08-28
93,Placements,Which recruiters are listed for CSE Data Science?,"The current page lists Chubb, FactSet, Oracle, TCS Digital and Cognizant among notable CSE–Data Science recruiters.",Official Placements page,https://www.vnrvjiet.ac.in/placements,"are, cse, data, for, listed, recruiters, science, which",2026-08-28
94,Placements,Which recruiters are listed for CSE?,"The current page lists Atlassian, Microsoft, JPMC, Chubb, Infosys, TCS and Cognizant among notable CSE recruiters.",Official Placements page,https://www.vnrvjiet.ac.in/placements,"are, cse, for, listed, recruiters, which",2026-08-28
95,Placements,Which recruiter is listed with ₹19.75 LPA?,JPMC is listed with ₹19.75 LPA for the 2026 season.,Official Placements page,https://www.vnrvjiet.ac.in/placements,"is, listed, lpa, recruiter, which, with, ₹19.75",2026-08-28
96,Placements,Which recruiter is listed with ₹19.18 LPA?,Oracle is listed with ₹19.18 LPA for the 2026 season.,Official Placements page,https://www.vnrvjiet.ac.in/placements,"is, listed, lpa, recruiter, which, with, ₹19.18",2026-08-28
97,Placements,Which recruiter is listed with ₹16.30 LPA?,Darwinbox is listed with ₹16.30 LPA for the 2026 season.,Official Placements page,https://www.vnrvjiet.ac.in/placements,"is, listed, lpa, recruiter, which, with, ₹16.30",2026-08-28
98,Placements,Which recruiter is listed with ₹14 LPA?,F5 Networks is listed with ₹14.00 LPA for the 2026 season.,Official Placements page,https://www.vnrvjiet.ac.in/placements,"is, listed, lpa, recruiter, which, with, ₹14",2026-08-28
99,Placements,Which recruiter is listed with ₹12.07 LPA?,Chubb is listed with ₹12.07 LPA for the 2026 season.,Official Placements page,https://www.vnrvjiet.ac.in/placements,"is, listed, lpa, recruiter, which, with, ₹12.07",2026-08-28
100,Placements,Which recruiter is listed with ₹12 LPA?,"DBS, FactSet and The Hartford are listed with ₹12.00 LPA for the 2026 season.",Official Placements page,https://www.vnrvjiet.ac.in/placements,"is, listed, lpa, recruiter, which, with, ₹12",2026-08-28
101,Placements,Which recruiter is listed with ₹11 LPA?,"Infosys (SP) L1, IBM and State Street are listed with ₹11.00 LPA.",Official Placements page,https://www.vnrvjiet.ac.in/placements,"is, listed, lpa, recruiter, which, with, ₹11",2026-08-28
102,Hostel,Does VNRVJIET provide hostel facilities?,Yes. VNRVJIET provides hostel facilities for students.,Official Campus Life – Hostel page,https://www.vnrvjiet.ac.in/campus-life?tab=hostel,"does, facilities, hostel, provide, vnrvjiet",2026-08-28
103,Hostel,Are boys and girls hostels separate?,Yes. Separate boys and girls hostel facilities are provided.,Official Campus Life – Hostel page,https://www.vnrvjiet.ac.in/campus-life?tab=hostel,"and, are, boys, girls, hostels, separate",2026-08-28
104,Hostel,Where is the boys hostel?,"Vignana Jyothi Boys Hostel is inside the VNRVJIET campus, Vignana Jyothi Nagar, Bachupally, Hyderabad – 500 118.",Official Campus Life – Hostel page,https://www.vnrvjiet.ac.in/campus-life?tab=hostel,"boys, hostel, is, the, where",2026-08-28
105,Hostel,Where is the girls hostel?,"Vignana Jyothi Girls Hostel is inside the VNRVJIET campus, Vignana Jyothi Nagar, Bachupally, Hyderabad – 500 118.",Official Campus Life – Hostel page,https://www.vnrvjiet.ac.in/campus-life?tab=hostel,"girls, hostel, is, the, where",2026-08-28
106,Hostel,What annual hostel fee is currently listed?,"The current hostel page lists ₹1,40,000 per academic year, inclusive of ₹5,000 toward laundry services.",Official Campus Life – Hostel page,https://www.vnrvjiet.ac.in/campus-life?tab=hostel,"annual, currently, fee, hostel, is, listed, what",2026-08-28
107,Hostel,What is the boys hostel contact number?,+91 93476 12082.,Official Campus Life – Hostel page,https://www.vnrvjiet.ac.in/campus-life?tab=hostel,"boys, contact, hostel, is, number, the, what",2026-08-28
108,Hostel,What is the girls hostel contact number?,+91 86396 41004.,Official Campus Life – Hostel page,https://www.vnrvjiet.ac.in/campus-life?tab=hostel,"contact, girls, hostel, is, number, the, what",2026-08-28
109,Hostel,Does the hostel page provide a 2026-27 brochure?,Yes. The hostel page lists a Hostel Brochure 2026–27.,Official Campus Life – Hostel page,https://www.vnrvjiet.ac.in/campus-life?tab=hostel,"2026-27, a, brochure, does, hostel, page, provide, the",2026-08-28
110,Hostel,Are hostel rules and regulations available?,Yes. The hostel page lists Rules & Regulations and related undertaking forms.,Official Campus Life – Hostel page,https://www.vnrvjiet.ac.in/campus-life?tab=hostel,"and, are, available, hostel, regulations, rules",2026-08-28
111,Hostel,Are hostel accommodation forms available?,Yes. The hostel page lists an Accommodation Form.,Official Campus Life – Hostel page,https://www.vnrvjiet.ac.in/campus-life?tab=hostel,"accommodation, are, available, forms, hostel",2026-08-28
112,Campus,How large is the VNRVJIET campus?,The current Campus Life page describes a 26-acre green campus.,Official Campus Life page,https://www.vnrvjiet.ac.in/campus-life,"campus, how, is, large, the, vnrvjiet",2026-08-28
113,Campus,How many cultural clubs are listed?,The current Campus Life page lists 17 cultural clubs.,Official Campus Life page,https://www.vnrvjiet.ac.in/campus-life,"are, clubs, cultural, how, listed, many",2026-08-28
114,Campus,How many professional chapters are listed?,The current Campus Life page lists 25 professional chapters.,Official Campus Life page,https://www.vnrvjiet.ac.in/campus-life,"are, chapters, how, listed, many, professional",2026-08-28
115,Campus,How many annual events are listed?,The current Campus Life page lists 23 annual events.,Official Campus Life page,https://www.vnrvjiet.ac.in/campus-life,"annual, are, events, how, listed, many",2026-08-28
116,Campus,Does VNRVJIET have sports facilities?,Sports is listed as a Campus Life area on the official website.,Official Campus Life page,https://www.vnrvjiet.ac.in/campus-life,"does, facilities, have, sports, vnrvjiet",2026-08-28
117,Campus,Does VNRVJIET have health facilities?,Health Facilities is listed as a Campus Life area on the official website.,Official Campus Life page,https://www.vnrvjiet.ac.in/campus-life,"does, facilities, have, health, vnrvjiet",2026-08-28
118,Campus,Does VNRVJIET have student clubs?,Yes. Cultural clubs and professional chapters are listed on the Campus Life page.,Official Campus Life page,https://www.vnrvjiet.ac.in/campus-life,"clubs, does, have, student, vnrvjiet",2026-08-28
119,Campus,Does VNRVJIET provide a virtual campus tour?,Yes. The Campus Life page provides a Campus Virtual Tour.,Official Campus Life page,https://www.vnrvjiet.ac.in/campus-life,"a, campus, does, provide, tour, virtual, vnrvjiet",2026-08-28
120,Student Services & Contacts,How can I contact Admissions?,Admissions: 040-23044364 / 9391982884; email admissionsenquiry@vnrvjiet.in.,Official Contact page,https://www.vnrvjiet.ac.in/contact,"admissions, can, contact, how, i",2026-08-28
121,Student Services & Contacts,How can I contact International Admissions?,International Admissions: 040-23044364 / 9391982884; email internationaladmissions@vnrvjiet.in.,Official Contact page,https://www.vnrvjiet.ac.in/contact,"admissions, can, contact, how, i, international",2026-08-28
122,Student Services & Contacts,How can I contact Accounts?,Accounts Manager: +91-40-23044364 Ext. 2001 / +91 94924 88138; email accountsmanager@vnrvjiet.in.,Official Contact page,https://www.vnrvjiet.ac.in/contact,"accounts, can, contact, how, i",2026-08-28
123,Student Services & Contacts,How can I contact the Transport Office?,Transport Office email: transport@vnrvjiet.in.,Official Contact page,https://www.vnrvjiet.ac.in/contact,"can, contact, how, i, office, the, transport",2026-08-28
124,Student Services & Contacts,How can I contact the Grievance Redressal Cell?,Email: grievanceredressal@vnrvjiet.in.,Official Contact page,https://www.vnrvjiet.ac.in/contact,"can, cell, contact, grievance, how, i, redressal, the",2026-08-28
125,Student Services & Contacts,How can I contact the Internal Complaints Committee?,Email: icc@vnrvjiet.in.,Official Contact page,https://www.vnrvjiet.ac.in/contact,"can, committee, complaints, contact, how, i, internal, the",2026-08-28
126,Student Services & Contacts,How can I contact Administration?,Dean Administration: deanadmin@vnrvjiet.in; Administrative Officer: administrativeofficer@vnrvjiet.in.,Official Contact page,https://www.vnrvjiet.ac.in/contact,"administration, can, contact, how, i",2026-08-28
127,Student Services & Contacts,How can I contact the Dean of Student Progression?,"Dr. T. Srinivasa Rao, Dean – Student Progression; email deanstudentprogression@vnrvjiet.in.",Official Contact page,https://www.vnrvjiet.ac.in/contact,"can, contact, dean, how, i, of, progression, student, the",2026-08-28
128,Student Services & Contacts,How can I contact Research and Consultancy?,Research & Consultancy Cell: 040-23043238; email rcchead@vnrvjiet.in.,Official Contact page,https://www.vnrvjiet.ac.in/contact,"and, can, consultancy, contact, how, i, research",2026-08-28
129,Student Services & Contacts,What is the careers email?,careers@vnrvjiet.in,Official Contact page,https://www.vnrvjiet.ac.in/contact,"careers, email, is, the, what",2026-08-28
130,Student Services & Contacts,What is the media relations email?,marcom@vignanajyothi.com,Official Contact page,https://www.vnrvjiet.ac.in/contact,"email, is, media, relations, the, what",2026-08-28
131,Student Services & Contacts,What is the CSR email?,CSR@vignanajyothi.com,Official Contact page,https://www.vnrvjiet.ac.in/contact,"csr, email, is, the, what",2026-08-28
132,Student Services & Contacts,What is the hostel office contact?,Boys Hostel: +91 93476 12082; Girls Hostel: +91 86396 41004.,Official Contact page,https://www.vnrvjiet.ac.in/contact,"contact, hostel, is, office, the, what",2026-08-28
133,Admissions,Where can I find the B.Tech admission procedure?,The B.Tech Admissions section provides the Admission Procedure 2026–27.,Official VNRVJIET Admissions page,https://www.vnrvjiet.ac.in/admissions/btech?tab=howto,"admission, b.tech, can, find, i, procedure, the, where",2026-08-28
134,Admissions,Does the website publish cutoff ranks?,Yes. The B.Tech Admissions section provides TG EAPCET cutoff ranks for recent years.,Official VNRVJIET Admissions page,https://www.vnrvjiet.ac.in/admissions/btech?tab=howto,"cutoff, does, publish, ranks, the, website",2026-08-28
135,Admissions,Does the website provide a placement brochure?,Yes. The B.Tech Admissions page lists a Placement Brochure 2026–27.,Official VNRVJIET Admissions page,https://www.vnrvjiet.ac.in/admissions/btech?tab=howto,"a, brochure, does, placement, provide, the, website",2026-08-28
136,Admissions,Does the website provide a hostel brochure?,Yes. The B.Tech Admissions page lists a Hostel Brochure 2026–27.,Official VNRVJIET Admissions page,https://www.vnrvjiet.ac.in/admissions/btech?tab=howto,"a, brochure, does, hostel, provide, the, website",2026-08-28
137,Admissions,Does the website provide information for international admissions?,"Yes. VNRVJIET has an International Admissions section for Foreign Nationals, OCI, PIO and Children of Indian Workers in Gulf Countries under the supernumerary quota.",Official VNRVJIET Admissions page,https://www.vnrvjiet.ac.in/admissions/international,"admissions, does, for, information, international, provide, the, website",2026-08-28
138,Admissions,Who coordinates international admissions?,C. Kaushik is listed as Coordinator — Foreign Admissions.,Official VNRVJIET Admissions page,https://www.vnrvjiet.ac.in/admissions/international,"admissions, coordinates, international, who",2026-08-28
139,Admissions,What is the international admissions email?,internationaladmissions@vnrvjiet.in,Official VNRVJIET Admissions page,https://www.vnrvjiet.ac.in/admissions/international,"admissions, email, international, is, the, what",2026-08-28
140,General Navigation,Where can I find official VNRVJIET notices?,Use the official VNRVJIET website and the Academics/Admissions sections for official notices and announcements.,Official VNRVJIET website,https://www.vnrvjiet.ac.in/,"can, find, i, notices, official, vnrvjiet, where",2026-08-28
141,General Navigation,Where can I find academic regulations?,Use the Academics section of the official website.,Official VNRVJIET website,https://www.vnrvjiet.ac.in/academics,"academic, can, find, i, regulations, where",2026-08-28
142,General Navigation,Where can I find programme-wise sanctioned intake?,Use the official Programme-wise Details page.,Official VNRVJIET website,https://www.vnrvjiet.ac.in/academics/programmes/details,"can, find, i, intake, programme-wise, sanctioned, where",2026-08-28
143,General Navigation,Where can I find placement statistics?,Use the official Placements page.,Official VNRVJIET website,https://www.vnrvjiet.ac.in/placements,"can, find, i, placement, statistics, where",2026-08-28
144,General Navigation,Where can I find library information?,Use the official Central Library page.,Official VNRVJIET website,https://www.vnrvjiet.ac.in/campus-life/library,"can, find, i, information, library, where",2026-08-28
145,General Navigation,Where can I find hostel information?,Use Campus Life → Hostel on the official website.,Official VNRVJIET website,https://www.vnrvjiet.ac.in/campus-life?tab=hostel,"can, find, hostel, i, information, where",2026-08-28
146,General Navigation,Where can I find official contact information?,Use the official Contact page.,Official VNRVJIET website,https://www.vnrvjiet.ac.in/contact,"can, contact, find, i, information, official, where",2026-08-28
147,General Navigation,Where can I find admissions information?,Use the official Admissions section.,Official VNRVJIET website,https://www.vnrvjiet.ac.in/admissions/btech?tab=howto,"admissions, can, find, i, information, where",2026-08-28
